Workbook

Sheet CR Log
A1: Bombus｜需求變更登錄表（CR Log）
A2: 所有變更請求集中追蹤：每週同步會議檢視 pending 項目，控管累積成本
A4: CR 編號 | B4: 提出日 | C4: 關聯模組 | D4: 變更標題 | E4: 變更類型 | F4: 緊急程度 | G4: 狀態 | H4: CR 點數 | I4: 費用 (NT$) | J4: 原交付日 | K4: 新交付日 | L4: 簽核日 | M4: 完成日
A5: CR-2026-001 | B5: 2026/04/10 | C5: 人才晉升模組 | D5: 晉升委員會新增 HR 副理為固定觀察員 | E5: 流程順序調整 | F5: 下個 Sprint | G5: 已完成 | H5: 1 | I5: 15000 | J5: 2026/05/01 | K5: 2026/05/03 | L5: 2026/04/15 | M5: 2026/05/03
A6: CR-2026-002 | B6: 2026/04/18 | C6: 績效管理模組 | D6: 評核表新增「跨部門協作」評分維度 | E6: 新增功能 | F6: 可彈性安排 | G6: 評估中 | H6: 3 | I6: 45000 | J6: 2026/05/10
A7: CR-2026-003 | B7: 2026/04/22 | C7: 員工檔案模組 | D7: 員工離職流程支援多階段回收簽核 | E7: 流程順序調整 | F7: 立即處理 | G7: 客戶簽核中 | H7: 8 | I7: 120000 | J7: 2026/05/15 | K7: 2026/05/25

Sheet 統計儀表板
A1: CR 累積統計儀表板
A2: 即時彙整 CR Log 中所有變更的累積成本與狀態分布（每週同步會議檢視）
A4: 一、累積指標
A5: 總 CR 數 | C5: 總點數 | E5: 總費用
A6: =COUNTA('CR Log'!A5:A100) | C6: =SUM('CR Log'!H5:H100) | E6: =SUM('CR Log'!I5:I100)
A7: 件 | C7: 點 | E7: NT$
A9: 已完成 | C9: 進行中 | E9: 客戶簽核中
A10: =COUNTIF('CR Log'!G5:G100,"已完成") | C10: =COUNTIFS('CR Log'!G5:G100,"<>已完成",'CR Log'!G5:G100,"<>已撤回",'CR Log'!G5:G100,"<>已駁回",'CR Log'!G5:G100,"<>") | E10: =COUNTIF('CR Log'!G5:G100,"客戶簽核中")
A11: 件 | C11: 件 | E11: 件
A14: 二、狀態分布
A15: 狀態 | B15: 件數 | C15: 累積點數 | D15: 累積費用 (NT$)
A16: 待評估 | B16: =COUNTIF('CR Log'!G5:G100,"待評估") | C16: =SUMIF('CR Log'!G5:G100,"待評估",'CR Log'!H5:H100) | D16: =SUMIF('CR Log'!G5:G100,"待評估",'CR Log'!I5:I100)
A17: 評估中 | B17: =COUNTIF('CR Log'!G5:G100,"評估中") | C17: =SUMIF('CR Log'!G5:G100,"評估中",'CR Log'!H5:H100) | D17: =SUMIF('CR Log'!G5:G100,"評估中",'CR Log'!I5:I100)
A18: 客戶簽核中 | B18: =COUNTIF('CR Log'!G5:G100,"客戶簽核中") | C18: =SUMIF('CR Log'!G5:G100,"客戶簽核中",'CR Log'!H5:H100) | D18: =SUMIF('CR Log'!G5:G100,"客戶簽核中",'CR Log'!I5:I100)
A19: 排程中 | B19: =COUNTIF('CR Log'!G5:G100,"排程中") | C19: =SUMIF('CR Log'!G5:G100,"排程中",'CR Log'!H5:H100) | D19: =SUMIF('CR Log'!G5:G100,"排程中",'CR Log'!I5:I100)
A20: 開發中 | B20: =COUNTIF('CR Log'!G5:G100,"開發中") | C20: =SUMIF('CR Log'!G5:G100,"開發中",'CR Log'!H5:H100) | D20: =SUMIF('CR Log'!G5:G100,"開發中",'CR Log'!I5:I100)
A21: 測試中 | B21: =COUNTIF('CR Log'!G5:G100,"測試中") | C21: =SUMIF('CR Log'!G5:G100,"測試中",'CR Log'!H5:H100) | D21: =SUMIF('CR Log'!G5:G100,"測試中",'CR Log'!I5:I100)
A22: 已完成 | B22: =COUNTIF('CR Log'!G5:G100,"已完成") | C22: =SUMIF('CR Log'!G5:G100,"已完成",'CR Log'!H5:H100) | D22: =SUMIF('CR Log'!G5:G100,"已完成",'CR Log'!I5:I100)
A23: 已撤回 | B23: =COUNTIF('CR Log'!G5:G100,"已撤回") | C23: =SUMIF('CR Log'!G5:G100,"已撤回",'CR Log'!H5:H100) | D23: =SUMIF('CR Log'!G5:G100,"已撤回",'CR Log'!I5:I100)
A24: 已駁回 | B24: =COUNTIF('CR Log'!G5:G100,"已駁回") | C24: =SUMIF('CR Log'!G5:G100,"已駁回",'CR Log'!H5:H100) | D24: =SUMIF('CR Log'!G5:G100,"已駁回",'CR Log'!I5:I100)

Sheet 使用說明
A1: CR Log 使用說明
A3: 一、使用流程
A4: ① 客戶提出 CR | B4: 請客戶填寫《CR 需求變更申請單》Word 範本
A5: ② 開發評估 | B5: 開發團隊填寫工時、影響範圍、技術風險（3 工作天內）
A6: ③ PM 報價 | B6: PM 計算 CR 點數、費用、新交付日（1 工作天內）
A7: ④ 客戶簽核 | B7: 客戶決策者簽名同意（限 5 工作天內回覆）
A8: ⑤ 登錄 CR Log | B8: 將本筆 CR 加入「CR Log」工作表，更新狀態
A9: ⑥ 排程實作 | B9: 併入下個 Sprint 開發
A10: ⑦ 驗收結案 | B10: 完成後更新「完成日」與狀態為「已完成」
A12: 二、CR 點數規則
A13: 小型 = 1 點 | B13: 單一畫面文案／欄位調整、不影響其他模組
A14: 中型 = 3 點 | B14: 單一模組內流程調整，需修改 1-2 支 API
A15: 大型 = 8 點 | B15: 跨模組變更，需重做部分既有功能
A16: 超大型 = 16 點+ | B16: 架構級重構，需另行估價（建議改開新需求單）
A18: 三、狀態定義
A19: 待評估 | B19: 剛收到客戶申請，尚未開始評估
A20: 評估中 | B20: 開發團隊正在分析影響範圍
A21: 客戶簽核中 | B21: 已報價，等待客戶決策（限 5 工作天）
A22: 排程中 | B22: 已簽核，等待併入下個 Sprint
A23: 開發中 | B23: 正在實作
A24: 測試中 | B24: 完成開發，進行驗收測試
A25: 已完成 | B25: 驗收通過，CR 結案
A26: 已撤回 | B26: 客戶逾期未回覆或主動放棄
A27: 已駁回 | B27: 評估後不可行（技術／時程／預算）
A29: 四、運作技巧
A30: 每週同步檢視 | B30: 固定 Weekly Sync 會議檢查所有 pending CR，避免堆積
A31: 累積成本可視化 | B31: 統計儀表板讓客戶看到 CR 累積總額，自然會節制需求
A32: CR 編號不重用 | B32: 即使 CR 被撤回或駁回，編號也不重複使用，保留完整紀錄
A33: 範例資料保留 | B33: 工作表預設前 3 列為範例，實際使用時可從第 4 列開始填寫
